Branch_ID,City,Region,Firm_Revenue,Expenses,Profit_Margin
1000,Solapur,East,422443.0,346471,56.31
1001,Mumbai,North,211155.0,216256,79.53
1002,Nashik,West,985006.0,71777,55.31
1003,Solapur,North,55113.0,253655,2.57
1004,Nagpur,West,282701.0,148194,-14.1
1005,Nagpur,East,657164.0,90729,11.57
1006,Kolhapur,North,96520.0,273124,19.48
1007,Kolhapur,West,427163.0,111053,-9.09
1008,Kolhapur,North,,59920,-5.94
1009,Nagpur,South,690932.0,44992,56.47
1010,Solapur,North,936640.0,226126,-18.9
1011,Nashik,East,257505.0,483161,65.12
1012,Nagpur,West,969777.0,347637,-11.4
1013,Pune,West,214437.0,52323,10.97
1014,Nagpur,North,370373.0,194199,-8.67
1015,Nagpur,East,494847.0,394802,73.24
1016,Nashik,North,366811.0,326818,9.12
1017,Nagpur,East,658552.0,280743,96.78
1018,Nagpur,East,938738.0,218097,40.11
1019,Nashik,West,112412.0,219553,-47.5
1020,Nagpur,South,928809.0,456732,72.27
1021,Solapur,North,718065.0,104070,53.39
1022,Pune,West,948252.0,264169,-11.58
1023,Solapur,North,141055.0,264179,-9.72
1024,Nagpur,South,453778.0,239635,23.83
1025,Pune,West,410506.0,347517,49.96
1026,Kolhapur,East,173491.0,197880,84.95
1027,Mumbai,East,405516.0,184621,-25.05
1028,Pune,West,301173.0,122217,-24.9
1029,Nashik,West,637247.0,235181,54.57
1030,Pune,East,950410.0,483008,-2.32
1031,Solapur,East,646023.0,117992,-15.94
1032,Nashik,North,722489.0,127639,53.12
1033,Solapur,West,936776.0,90418,-40.93
1034,Solapur,West,,131077,29.7
1035,Mumbai,West,590919.0,180788,46.09
1036,Nagpur,West,729537.0,225109,7.71
1037,Mumbai,West,260539.0,433554,-31.14
1038,Nagpur,East,572977.0,405006,1.39
1039,Kolhapur,North,286507.0,44379,14.69
1040,Solapur,East,560824.0,293054,-25.83
1041,Pune,South,382425.0,407970,23.26
1042,Nagpur,South,993460.0,488468,0.82
1043,Mumbai,East,601854.0,467555,85.0
1044,Nashik,South,878898.0,192703,-40.35
1045,Mumbai,East,743144.0,255822,50.49
1046,Solapur,West,977665.0,254418,58.29
1047,Solapur,East,655189.0,116716,41.34
1048,Mumbai,East,684533.0,334321,28.27
1049,Mumbai,North,100724.0,169264,-32.71
1050,Nashik,South,678204.0,179639,41.23
1051,Kolhapur,East,623150.0,83058,34.99
1052,Nagpur,North,992645.0,68947,86.92
1053,Solapur,West,829228.0,209502,80.83
1054,Nagpur,West,967410.0,419776,-46.92
1055,Solapur,North,999028.0,235173,97.69
1056,Solapur,West,104114.0,239317,34.82
1057,Mumbai,South,348753.0,320467,87.4
1058,Kolhapur,North,,179713,-27.61
1059,Mumbai,South,920571.0,191047,54.46
1060,Kolhapur,East,305241.0,220112,18.76
1061,Pune,South,668871.0,153491,-29.88
1062,Mumbai,West,299697.0,273050,-46.59
1063,Pune,South,802708.0,57795,-17.56
1064,Kolhapur,South,904204.0,219407,-47.49
1065,Solapur,East,738465.0,454834,39.67
1066,Nashik,East,123311.0,269341,-4.26
1067,Kolhapur,West,447272.0,419907,93.05
1068,Nagpur,North,94673.0,124746,44.89
1069,Nagpur,West,,279148,64.56
1070,Nashik,South,723055.0,20664,15.06
1071,Nashik,West,288740.0,497515,-9.92
1072,Kolhapur,North,831265.0,382396,65.1
1073,Mumbai,East,459580.0,198394,20.15
1074,Solapur,East,997286.0,218745,99.93
1075,Kolhapur,South,105973.0,493415,38.88
1076,Kolhapur,West,204710.0,300215,76.77
1077,Nagpur,West,985286.0,152371,-6.82
1078,Nashik,East,616031.0,473422,14.03
1079,Solapur,East,631559.0,213405,-13.91
1080,Kolhapur,West,714846.0,106483,66.31
1081,Nagpur,West,810727.0,234848,63.59
1082,Solapur,East,527491.0,129655,38.9
1083,Pune,East,590910.0,395017,59.66
1084,Nagpur,West,604344.0,406488,4.09
1085,Pune,North,301941.0,71479,81.71
1086,Kolhapur,West,744479.0,53750,88.35
1087,Solapur,West,640762.0,202204,49.6
1088,Mumbai,West,246436.0,57113,5.95
1089,Nashik,East,658793.0,482561,76.27
1090,Pune,North,629001.0,345832,97.09
1091,Mumbai,South,307324.0,81535,36.85
1092,Nagpur,East,,493705,48.98
1093,Nashik,North,,37666,77.6
1094,Solapur,South,837097.0,140421,50.9
1095,Kolhapur,South,929599.0,259456,-20.48
1096,Nashik,North,285747.0,164076,13.47
1097,Mumbai,East,68882.0,111621,41.81
1098,Mumbai,West,570985.0,423464,19.57
1099,Nagpur,North,714838.0,177696,51.99
1100,Solapur,West,860774.0,342060,-7.77
1101,Nagpur,East,866744.0,147716,-26.19
1102,Kolhapur,East,449250.0,305716,-45.74
1103,Solapur,East,941020.0,22378,-44.16
1104,Kolhapur,South,658214.0,119660,3.51
1105,Kolhapur,East,,336150,-46.74
1106,Nagpur,South,645333.0,497857,-9.25
1107,Nashik,South,553367.0,463072,27.01
1108,Solapur,West,77365.0,358228,61.62
1109,Solapur,South,227115.0,86628,38.34
1110,Solapur,South,993451.0,431239,30.19
1111,Nagpur,East,702367.0,190514,-13.68
1112,Kolhapur,South,474820.0,431359,-47.64
1113,Nagpur,East,963430.0,275162,-30.54
1114,Kolhapur,East,842893.0,204196,97.27
1115,Nagpur,South,785942.0,164003,89.17
1116,Mumbai,West,798102.0,315359,-3.33
1117,Nashik,South,286476.0,326419,-1.85
1118,Nagpur,West,204248.0,208385,83.7
1119,Nashik,West,772777.0,279646,-38.22
1120,Pune,West,715070.0,105057,-24.29
1121,Nagpur,North,163874.0,355418,-32.31
1122,Solapur,North,443946.0,415587,80.64
1123,Solapur,South,398968.0,482742,-49.01
1124,Pune,East,657564.0,131822,-47.83
1125,Kolhapur,South,882724.0,350146,72.08
1126,Nagpur,East,205625.0,485899,45.54
1127,Solapur,North,501483.0,122453,34.48
1128,Solapur,East,921550.0,214020,88.43
1129,Kolhapur,West,788503.0,443105,22.51
1130,Pune,West,595312.0,349564,20.03
1131,Solapur,South,,242669,13.12
1132,Kolhapur,West,83336.0,335733,47.84
1133,Nashik,West,969558.0,77022,-1.52
1134,Kolhapur,South,657173.0,370102,50.26
1135,Nashik,South,175873.0,20946,55.55
1136,Mumbai,East,239263.0,53815,-18.28
1137,Mumbai,South,263055.0,210483,39.24
1138,Kolhapur,South,635281.0,333629,59.02
1139,Nagpur,South,245288.0,162674,94.18
1140,Mumbai,North,755330.0,90594,90.84
1141,Solapur,South,83554.0,441985,-19.24
1142,Kolhapur,South,152963.0,85291,36.59
1143,Solapur,East,469428.0,399652,20.4
1144,Nagpur,East,252494.0,434330,2.39
1145,Mumbai,South,957204.0,352462,1.32
1146,Mumbai,South,775818.0,473126,95.64
1147,Solapur,West,665993.0,380428,-44.51
1148,Nashik,North,146659.0,374894,77.88
1149,Mumbai,West,272071.0,108121,18.02
1150,Pune,East,972742.0,142072,35.0
1151,Solapur,North,931870.0,417137,60.89
1152,Nagpur,South,666200.0,469751,18.45
1153,Mumbai,West,92374.0,460919,98.1
1154,Nashik,North,581172.0,126846,80.14
1155,Solapur,West,414034.0,271238,-17.98
1156,Mumbai,North,138702.0,407721,50.56
1157,Nashik,North,,154403,21.3
1158,Kolhapur,North,290733.0,485981,4.16
1159,Nashik,East,643809.0,21990,2.75
1160,Solapur,East,312585.0,266325,-25.59
1161,Mumbai,West,815775.0,23574,18.65
1162,Nagpur,West,505660.0,216164,39.35
1163,Mumbai,West,144833.0,61565,69.75
1164,Kolhapur,West,975264.0,115810,-6.68
1165,Pune,South,339712.0,287127,66.07
1166,Nagpur,East,744810.0,50143,33.07
1167,Solapur,South,108475.0,165270,-11.29
1168,Pune,South,752153.0,249575,68.05
1169,Pune,East,840077.0,69074,40.43
1170,Mumbai,East,635619.0,440243,93.23
1171,Nashik,West,242767.0,323391,-6.74
1172,Pune,South,635646.0,439728,95.97
1173,Kolhapur,East,636516.0,113167,33.33
1174,Solapur,East,613918.0,190021,18.22
1175,Solapur,South,340442.0,397213,81.24
1176,Kolhapur,South,,448247,-26.32
1177,Kolhapur,West,596317.0,74584,19.3
1178,Nashik,East,728072.0,294584,-31.18
1179,Pune,South,519356.0,139025,41.98
1180,Nashik,South,212159.0,118613,-43.63
1181,Pune,South,,291527,97.03
1182,Mumbai,North,708095.0,348010,-48.78
1183,Solapur,West,786328.0,298745,89.83
1184,Kolhapur,East,291516.0,81564,46.63
1185,Nashik,North,814269.0,163240,73.41
1186,Pune,East,150509.0,337315,3.72
1187,Pune,North,502494.0,391351,-13.4
1188,Kolhapur,East,295840.0,253739,-24.03
1189,Nagpur,West,91013.0,229704,29.68
1190,Nagpur,East,945199.0,479231,-10.01
1191,Nagpur,North,654064.0,322440,82.02
1192,Nagpur,North,740959.0,300688,-45.51
1193,Nagpur,East,350370.0,360843,-37.32
1194,Nagpur,East,739970.0,374694,-17.63
1195,Solapur,East,466824.0,140751,-37.65
1196,Pune,East,219987.0,364854,74.2
1197,Solapur,South,96117.0,196719,-49.39
1198,Pune,South,364247.0,342435,47.75
1199,Nagpur,East,982153.0,301969,18.32
1200,Kolhapur,South,,355163,65.91
1201,Kolhapur,East,711399.0,490593,11.56
1202,Mumbai,West,915310.0,112660,46.76
1203,Nashik,North,772682.0,286464,45.89
1204,Kolhapur,West,58188.0,494293,4.58
1205,Nashik,North,521444.0,86348,-32.87
1206,Solapur,West,498333.0,207373,14.95
1207,Nagpur,North,402838.0,129623,81.26
1208,Solapur,North,774290.0,324621,69.46
1209,Nashik,North,,95647,5.72
1210,Nagpur,South,178363.0,164014,80.09
1211,Nashik,South,905634.0,215963,15.81
1212,Kolhapur,North,844764.0,436685,-20.56
1213,Pune,East,580234.0,492210,79.6
1214,Nashik,North,891396.0,466522,24.05
1215,Pune,North,699446.0,482171,15.07
1216,Mumbai,East,841077.0,422714,-14.76
1217,Nagpur,South,894540.0,488439,64.69
1218,Nashik,North,519640.0,112598,32.53
1219,Nashik,East,578852.0,182486,-18.9
1220,Nashik,East,118288.0,152324,-11.1
1221,Kolhapur,East,,282585,7.37
1222,Nashik,East,726501.0,176722,30.15
1223,Nagpur,West,297321.0,143804,70.78
1224,Nashik,North,472462.0,274775,-18.91
1225,Kolhapur,South,153515.0,436734,60.79
1226,Solapur,South,404512.0,314309,87.43
1227,Pune,West,990092.0,239838,9.35
1228,Pune,East,111240.0,233346,4.87
1229,Nashik,West,832356.0,101213,21.66
1230,Mumbai,East,456619.0,216028,72.57
1231,Solapur,West,354977.0,429650,-36.12
1232,Solapur,South,192880.0,448885,8.09
1233,Kolhapur,East,324268.0,395718,-45.6
1234,Mumbai,North,356398.0,134943,27.68
1235,Pune,North,187739.0,270092,91.62
1236,Kolhapur,West,260933.0,154884,-25.96
1237,Nagpur,East,124042.0,193523,-11.69
1238,Kolhapur,East,242557.0,476912,54.84
1239,Nashik,West,888354.0,247414,53.58
1240,Pune,East,82224.0,86131,39.51
1241,Nagpur,South,334277.0,234837,-13.74
1242,Pune,West,77741.0,203843,-40.02
1243,Kolhapur,West,116821.0,332210,-16.66
1244,Kolhapur,South,678627.0,321507,45.86
1245,Mumbai,North,695024.0,196918,-5.56
1246,Mumbai,North,325740.0,136796,76.26
1247,Pune,North,457796.0,462368,42.44
1248,Pune,East,,59554,-42.5
1249,Kolhapur,East,498436.0,187599,-36.77
1250,Nagpur,West,366272.0,145010,-7.91
1251,Nashik,South,912370.0,319590,36.04
1252,Solapur,East,194921.0,53263,90.53
1253,Nashik,West,553062.0,309277,-34.51
1254,Kolhapur,South,895220.0,339150,74.6
1255,Nagpur,South,851690.0,146308,35.92
1256,Nagpur,North,696063.0,496671,4.59
1257,Pune,North,393190.0,88843,46.44
1258,Mumbai,South,169077.0,225065,67.75
1259,Kolhapur,West,171585.0,71133,3.81
1260,Kolhapur,East,531181.0,175939,87.95
1261,Solapur,South,692354.0,439749,32.64
1262,Nashik,East,292544.0,101636,-26.46
1263,Solapur,South,709818.0,27976,32.02
1264,Nashik,North,426041.0,483658,64.82
1265,Kolhapur,East,504161.0,416486,37.99
1266,Nashik,North,61825.0,93928,37.62
1267,Mumbai,East,724495.0,69597,-45.84
1268,Kolhapur,West,472109.0,191740,19.5
1269,Solapur,East,549794.0,362968,4.84
1270,Mumbai,North,114502.0,345269,-43.43
1271,Nagpur,East,247228.0,396996,52.18
1272,Pune,South,761743.0,195224,-22.53
1273,Pune,West,66041.0,132925,2.49
1274,Pune,West,831738.0,147776,36.64
1275,Nagpur,West,441168.0,269966,16.04
1276,Pune,West,243708.0,105360,55.27
1277,Nagpur,North,548115.0,219189,76.71
1278,Pune,North,406944.0,427721,-24.61
1279,Nashik,West,667636.0,450223,-8.21
1280,Kolhapur,North,594325.0,256610,-22.13
1281,Kolhapur,North,605111.0,21453,24.88
1282,Mumbai,East,426304.0,290311,-38.11
1283,Kolhapur,East,748219.0,332592,61.19
1284,Nagpur,North,314049.0,318743,-30.81
1285,Kolhapur,East,,133738,92.02
1286,Kolhapur,South,597960.0,286715,76.06
1287,Nagpur,East,710254.0,274736,95.39
1288,Mumbai,South,750709.0,470784,-43.91
1289,Nashik,West,223333.0,489874,-19.23
1290,Mumbai,North,381988.0,451723,94.15
1291,Nagpur,West,70949.0,354685,97.7
1292,Kolhapur,West,,373494,-7.89
1293,Pune,South,995836.0,225541,39.81
1294,Pune,East,706546.0,98725,-18.88
1295,Nashik,North,217547.0,213456,84.22
1296,Nagpur,East,446636.0,295728,-29.47
1297,Nagpur,North,373351.0,469087,53.23
1298,Kolhapur,East,,45164,-6.48
1299,Nashik,South,848992.0,443017,6.07
1300,Solapur,East,575283.0,343346,32.19
1301,Nashik,South,958204.0,294366,14.12
1302,Mumbai,West,953231.0,345393,28.51
1303,Mumbai,North,213633.0,285632,51.95
1304,Solapur,East,940363.0,309537,-5.56
1305,Mumbai,East,420198.0,110686,60.82
1306,Nashik,East,226713.0,490123,12.58
1307,Mumbai,North,212676.0,466040,-46.73
1308,Nashik,North,791084.0,186678,77.0
1309,Mumbai,North,425396.0,369386,-7.76
1310,Mumbai,South,305379.0,147364,79.04
1311,Pune,East,634331.0,469000,61.69
1312,Pune,North,151541.0,354847,11.01
1313,Nashik,West,650377.0,276911,47.54
1314,Solapur,East,656661.0,363562,98.79
1315,Pune,North,721157.0,258275,-3.87
1316,Nashik,North,203817.0,395196,17.57
1317,Nashik,West,696103.0,86440,-27.72
1318,Kolhapur,North,742973.0,234141,80.71
1319,Pune,East,650191.0,187825,32.93
1320,Kolhapur,South,534803.0,41265,-34.71
1321,Solapur,West,815021.0,301656,39.63
1322,Mumbai,South,159560.0,344517,20.19
1323,Solapur,East,443661.0,371258,-3.89
1324,Kolhapur,North,415244.0,261861,-47.2
1325,Pune,North,331247.0,173187,-17.55
1326,Kolhapur,South,134485.0,70906,-19.1
1327,Nashik,North,152201.0,149226,57.31
1328,Pune,East,898320.0,279897,-11.11
1329,Pune,West,64441.0,491589,96.79
1330,Pune,South,218565.0,20520,-22.39
1331,Pune,South,293484.0,476524,83.96
1332,Solapur,East,681032.0,272689,4.79
1333,Nagpur,East,77399.0,147982,99.91
1334,Pune,West,706253.0,49137,70.57
1335,Solapur,East,659078.0,137312,40.61
1336,Solapur,South,818810.0,30204,74.59
1337,Pune,East,746535.0,449047,84.51
1338,Solapur,South,518661.0,388470,99.64
1339,Pune,South,449628.0,143172,-24.47
1340,Nashik,North,842459.0,230719,37.71
1341,Mumbai,East,275732.0,272981,8.02
1342,Solapur,North,283937.0,279985,7.82
1343,Nagpur,East,454238.0,329039,44.85
1344,Nagpur,South,,362711,25.62
1345,Nashik,East,888090.0,25230,71.58
1346,Solapur,North,342356.0,122607,-0.76
1347,Nashik,West,996834.0,360090,29.5
1348,Nagpur,East,,259141,94.84
1349,Nashik,South,230899.0,125780,-36.42
1350,Kolhapur,West,267992.0,199672,-9.72
1351,Pune,South,358346.0,234458,-34.75
1352,Mumbai,West,,297054,-40.59
1353,Pune,East,870510.0,350159,-47.5
1354,Kolhapur,East,219518.0,479776,4.82
1355,Solapur,East,217517.0,32202,77.28
1356,Kolhapur,South,519431.0,441632,-13.75
1357,Nagpur,West,491869.0,66944,-1.34
1358,Solapur,North,450058.0,159401,78.45
1359,Nashik,South,184166.0,186917,-27.5
1360,Kolhapur,South,435044.0,422920,-14.47
1361,Mumbai,South,675607.0,78220,56.79
1362,Pune,North,479507.0,481975,61.16
1363,Kolhapur,West,224791.0,38373,3.8
1364,Pune,South,861112.0,47400,-48.43
1365,Kolhapur,East,887706.0,90816,7.23
1366,Mumbai,West,292711.0,497710,57.32
1367,Mumbai,South,272344.0,35397,57.22
1368,Nashik,East,557344.0,367619,12.97
1369,Pune,West,620129.0,451495,2.32
1370,Nagpur,South,747492.0,323473,55.31
1371,Mumbai,East,108846.0,109030,92.34
1372,Nashik,North,373464.0,189481,68.92
1373,Mumbai,East,609020.0,316593,-15.61
1374,Kolhapur,North,923057.0,322105,94.4
1375,Kolhapur,West,120736.0,264483,41.46
1376,Solapur,West,160996.0,394440,-33.13
1377,Mumbai,West,128550.0,243978,0.53
1378,Solapur,North,447483.0,23271,58.61
1379,Solapur,North,730483.0,132472,80.47
1380,Nagpur,East,798769.0,476145,29.42
1381,Solapur,South,265881.0,410382,-29.34
1382,Solapur,North,786093.0,359588,-31.47
1383,Solapur,West,101491.0,324643,-1.11
1384,Mumbai,North,823023.0,235914,-44.37
1385,Kolhapur,South,162794.0,220711,12.78
1386,Kolhapur,East,320839.0,465441,66.57
1387,Mumbai,South,979088.0,71997,19.15
1388,Nashik,West,160800.0,438950,74.55
1389,Pune,West,273275.0,234513,48.59
1390,Nagpur,North,839704.0,410807,-21.0
1391,Mumbai,West,789537.0,473749,-17.84
1392,Nashik,North,503525.0,49446,2.45
1393,Nashik,West,744621.0,473731,30.71
1394,Nagpur,West,651591.0,389920,51.74
1395,Nashik,East,268875.0,25917,-24.04
1396,Kolhapur,West,292921.0,228111,-27.01
1397,Kolhapur,South,516918.0,219231,-48.14
1398,Kolhapur,West,86814.0,87041,-33.07
1399,Mumbai,West,140607.0,234585,62.78
1400,Kolhapur,West,358287.0,117596,-41.69
1401,Kolhapur,East,854747.0,345701,40.87
1402,Solapur,West,,450528,40.13
1403,Mumbai,East,567940.0,228473,98.88
1404,Nashik,West,255785.0,51718,51.65
1405,Pune,North,683776.0,240446,54.89
1406,Kolhapur,South,,301277,-36.56
1407,Pune,North,308658.0,177863,81.45
1408,Solapur,North,370620.0,166023,-2.0
1409,Kolhapur,West,943377.0,446561,-3.12
1410,Nashik,North,674319.0,447914,19.85
1411,Solapur,West,553190.0,20620,56.15
1412,Kolhapur,North,741045.0,274003,-5.83
1413,Solapur,North,767738.0,280413,66.63
1414,Solapur,North,179730.0,33160,-13.16
1415,Kolhapur,West,257337.0,76101,-31.59
1416,Pune,East,590360.0,52605,54.5
1417,Nagpur,South,528802.0,41116,88.24
1418,Nashik,South,168529.0,150902,86.45
1419,Solapur,South,75078.0,396884,-40.62
1420,Kolhapur,South,488290.0,311023,8.75
1421,Solapur,West,647760.0,233210,-6.9
1422,Mumbai,North,53700.0,41560,18.2
1423,Mumbai,East,789910.0,95222,-42.43
1424,Mumbai,East,541465.0,31127,11.61
1425,Nashik,West,456769.0,336341,94.14
1426,Nagpur,East,313492.0,260416,35.04
1427,Nashik,South,306103.0,469109,-17.41
1428,Kolhapur,West,69590.0,445766,71.38
1429,Nashik,West,828037.0,107503,9.6
1430,Kolhapur,West,858613.0,88611,-40.43
1431,Pune,South,272579.0,121037,2.86
1432,Nashik,North,603737.0,116877,72.11
1433,Mumbai,North,859751.0,391706,-16.86
1434,Mumbai,North,489301.0,273646,-1.02
1435,Solapur,West,134459.0,440240,-9.27
1436,Kolhapur,North,300473.0,208702,84.71
1437,Kolhapur,North,,33606,-5.87
1438,Solapur,South,821078.0,332798,-13.95
1439,Mumbai,West,727750.0,258306,89.08
1440,Nashik,East,351661.0,372597,99.97
1441,Nashik,West,426239.0,342623,39.04
1442,Kolhapur,South,82218.0,361570,90.22
1443,Nagpur,North,852336.0,338353,65.21
1444,Nashik,South,831890.0,165588,-21.86
1445,Pune,South,521225.0,208347,52.59
1446,Pune,East,171254.0,439801,68.52
1447,Nashik,West,690515.0,183554,61.45
1448,Solapur,East,810315.0,487186,29.49
1449,Solapur,West,386804.0,216567,27.28
1450,Solapur,East,115604.0,220281,73.28
1451,Pune,North,477806.0,416067,53.35
1452,Mumbai,East,643703.0,157044,68.94
1453,Kolhapur,East,517372.0,226511,-18.88
1454,Nagpur,East,424741.0,433559,94.96
1455,Kolhapur,South,649848.0,219280,59.92
1456,Solapur,North,94487.0,424038,13.35
1457,Nashik,North,715759.0,36324,39.89
1458,Mumbai,South,118943.0,494910,45.97
1459,Nagpur,South,649437.0,238318,70.19
1460,Mumbai,South,386303.0,369052,55.12
1461,Nashik,South,697084.0,483598,76.66
1462,Mumbai,South,526771.0,194721,9.21
1463,Nagpur,North,265109.0,417201,13.19
1464,Nashik,East,104399.0,118487,-21.71
1465,Pune,East,890078.0,23209,27.36
1466,Mumbai,East,183130.0,369811,10.23
1467,Nashik,West,344489.0,468557,49.73
1468,Mumbai,East,768420.0,164449,40.44
1469,Nashik,North,553056.0,88617,78.62
1470,Solapur,South,769514.0,140825,-24.76
1471,Mumbai,West,126190.0,160986,87.32
1472,Solapur,West,338461.0,150023,-16.92
1473,Solapur,West,866755.0,221547,58.11
1474,Pune,North,790000.0,144782,24.74
1475,Solapur,West,542033.0,317064,55.4
1476,Mumbai,West,703846.0,335924,30.44
1477,Mumbai,South,142861.0,226640,47.86
1478,Nagpur,North,207621.0,498299,62.8
1479,Solapur,North,787828.0,455970,-21.03
1480,Kolhapur,West,601129.0,335300,1.35
1481,Pune,West,446161.0,431049,80.08
1482,Nashik,East,140787.0,305083,75.42
1483,Nashik,East,969770.0,160996,52.17
1484,Nashik,North,329052.0,275615,-4.2
1485,Pune,West,297427.0,182486,-19.06
1486,Pune,North,999975.0,471140,-42.72
1487,Nagpur,North,263362.0,262504,90.11
1488,Nagpur,West,80167.0,128157,45.38
1489,Nashik,South,231799.0,84727,11.97
1490,Solapur,South,678240.0,119812,53.52
1491,Pune,South,750710.0,103189,18.7
1492,Solapur,South,944678.0,118934,2.6
1493,Nagpur,North,397046.0,366876,25.17
1494,Solapur,South,85939.0,321982,60.49
1495,Mumbai,South,782387.0,95006,75.66
1496,Pune,North,593338.0,252822,-35.06
1497,Pune,South,232904.0,370413,-40.27
1498,Nashik,West,582253.0,34952,1.04
1499,Kolhapur,South,101014.0,232018,-44.13
1500,Nashik,South,757389.0,429626,24.22
1501,Nashik,South,629391.0,62900,73.59
1502,Mumbai,West,235133.0,498806,2.15
1503,Nashik,West,103814.0,218245,21.37
1504,Nashik,West,645900.0,329571,36.15
1505,Pune,West,221265.0,280739,87.05
1506,Kolhapur,North,63927.0,254606,88.99
1507,Solapur,South,767178.0,81892,44.78
1508,Pune,South,698309.0,159788,-48.47
1509,Solapur,East,365327.0,109068,-21.56
1510,Pune,West,79853.0,411839,-19.75
1511,Mumbai,West,708729.0,296722,39.84
1512,Solapur,South,516524.0,34750,56.14
1513,Mumbai,South,612349.0,424973,-36.65
1514,Pune,South,,289371,-6.55
1515,Nagpur,West,943560.0,228782,26.07
1516,Mumbai,West,510682.0,212913,65.71
1517,Nashik,North,518806.0,168583,1.67
1518,Nagpur,East,213986.0,236304,24.58
1519,Pune,North,401069.0,412209,24.42
1520,Nagpur,North,721288.0,411579,89.01
1521,Mumbai,North,164239.0,240935,76.78
1522,Nagpur,South,588533.0,71483,78.68
1523,Pune,North,183638.0,395229,-25.01
1524,Nagpur,North,976883.0,461037,85.12
1525,Mumbai,East,478631.0,24036,9.06
1526,Solapur,North,698900.0,195121,31.71
1527,Solapur,North,926106.0,81190,42.15
1528,Kolhapur,West,838335.0,185585,14.53
1529,Kolhapur,West,99318.0,329650,1.49
1530,Mumbai,East,314730.0,200082,-12.8
1531,Pune,South,837353.0,423407,27.03
1532,Nagpur,East,387137.0,288541,75.64
1533,Nashik,West,182856.0,20654,64.78
1534,Kolhapur,South,620056.0,235991,26.49
1535,Mumbai,North,278807.0,216511,1.42
1536,Nagpur,North,500718.0,426442,-48.09
1537,Pune,North,61579.0,216097,-18.84
1538,Kolhapur,East,486359.0,133756,-21.98
1539,Nagpur,North,100981.0,435718,38.25
1540,Pune,West,490746.0,259224,88.11
1541,Mumbai,West,118188.0,75897,-2.57
1542,Nagpur,West,438639.0,76596,68.97
1543,Nashik,South,335267.0,266335,-0.54
1544,Kolhapur,South,995324.0,430464,94.62
1545,Nashik,East,954948.0,417476,-20.77
1546,Nagpur,East,,67502,11.03
1547,Mumbai,East,950693.0,104508,-27.6
1548,Solapur,South,990730.0,406514,-16.07
1549,Pune,South,106960.0,371902,-34.11
1550,Solapur,North,455408.0,434758,-33.57
1551,Pune,North,527544.0,379038,44.27
1552,Pune,West,629812.0,436697,67.58
1553,Pune,East,224110.0,150800,-37.85
1554,Solapur,North,636342.0,322246,-16.8
1555,Nashik,East,319006.0,363767,-1.84
1556,Nashik,West,565205.0,94738,90.52
1557,Nashik,South,528963.0,202030,39.71
1558,Mumbai,North,910448.0,44568,-33.91
1559,Solapur,North,298901.0,353623,5.46
1560,Pune,North,503578.0,357407,57.28
1561,Mumbai,East,926590.0,128317,96.74
1562,Mumbai,North,804517.0,472888,60.76
1563,Solapur,West,189921.0,492763,-22.82
1564,Nagpur,South,764357.0,390222,72.88
1565,Kolhapur,South,721991.0,31600,-49.5
1566,Nagpur,West,699406.0,70871,22.36
1567,Nashik,West,714027.0,455164,1.76
1568,Nashik,North,703737.0,388024,91.95
1569,Nashik,South,237225.0,129997,-43.11
1570,Nagpur,North,149665.0,311714,-11.66
1571,Kolhapur,East,75223.0,495797,-11.02
1572,Mumbai,North,221013.0,415123,13.51
1573,Mumbai,North,821574.0,462787,88.5
1574,Mumbai,East,51241.0,394133,47.89
1575,Nashik,South,96126.0,482084,-31.79
1576,Kolhapur,East,543086.0,473927,73.73
1577,Nagpur,North,789168.0,133094,44.48
1578,Kolhapur,North,815148.0,353594,-47.58
1579,Kolhapur,North,672162.0,272750,87.79
1580,Nashik,North,894954.0,331787,-42.88
1581,Pune,West,718986.0,159067,41.49
1582,Nashik,West,242081.0,129133,40.13
1583,Pune,North,698963.0,230379,41.32
1584,Kolhapur,North,213926.0,348782,77.24
1585,Pune,North,213719.0,448462,-31.45
1586,Nagpur,North,789479.0,280071,30.2
1587,Kolhapur,North,102100.0,80889,36.04
1588,Mumbai,North,761855.0,269266,9.65
1589,Solapur,North,614426.0,309963,29.21
1590,Nashik,South,566970.0,486922,25.14
1591,Nagpur,South,515400.0,117140,63.85
1592,Nashik,West,186842.0,230714,-28.12
1593,Pune,West,493724.0,466772,-45.56
1594,Mumbai,North,677221.0,363921,89.72
1595,Mumbai,South,239159.0,433444,-2.95
1596,Solapur,East,892003.0,273973,68.76
1597,Pune,North,597456.0,449606,-2.04
1598,Solapur,South,147812.0,110772,-49.41
1599,Nashik,East,184962.0,330584,-17.66
1600,Mumbai,East,138408.0,202900,-34.18
1601,Mumbai,South,960427.0,459729,73.41
1602,Solapur,North,195508.0,141767,-24.38
1603,Kolhapur,South,259503.0,150348,99.05
1604,Kolhapur,East,132615.0,68342,41.91
1605,Kolhapur,East,478131.0,453559,-1.56
1606,Pune,West,564083.0,485975,25.72
1607,Mumbai,North,910545.0,226916,94.26
1608,Nagpur,East,958583.0,404398,45.42
1609,Kolhapur,South,662508.0,238401,63.04
1610,Nagpur,North,,344764,24.06
1611,Pune,South,798653.0,352900,29.91
1612,Pune,East,398559.0,396994,97.59
1613,Kolhapur,North,704298.0,263965,40.67
1614,Solapur,West,460952.0,332600,31.29
1615,Pune,East,417095.0,84820,81.01
1616,Solapur,South,418999.0,360406,17.38
1617,Pune,West,843708.0,255033,21.04
1618,Nagpur,South,473422.0,219931,56.53
1619,Mumbai,North,437204.0,488069,-26.03
1620,Pune,South,183304.0,293070,-30.47
1621,Pune,South,324060.0,181787,42.75
1622,Kolhapur,South,872508.0,409251,-22.48
1623,Pune,North,886440.0,234526,15.33
1624,Nagpur,South,509652.0,238621,70.67
1625,Nashik,West,199997.0,300949,-3.51
1626,Pune,East,414168.0,372035,61.34
1627,Nagpur,West,688000.0,136609,-0.82
1628,Mumbai,South,127458.0,410392,-44.04
1629,Nagpur,North,157524.0,46127,-36.25
1630,Pune,East,114735.0,327021,15.08
1631,Mumbai,East,107223.0,480435,-2.32
1632,Kolhapur,South,107490.0,208021,20.34
1633,Nagpur,North,444114.0,232213,28.46
1634,Solapur,West,370790.0,351538,91.4
1635,Pune,South,911994.0,132692,20.82
1636,Nashik,South,605785.0,206771,78.62
1637,Nagpur,South,709539.0,458124,77.6
1638,Nashik,West,870116.0,132502,83.12
1639,Nagpur,East,547554.0,340132,30.69
1640,Mumbai,West,157853.0,318293,-7.07
1641,Nashik,West,651409.0,281103,67.94
1642,Kolhapur,North,225839.0,145485,-1.6
1643,Pune,East,814324.0,365892,84.37
1644,Nashik,South,575676.0,62936,-34.27
1645,Pune,North,960443.0,198039,51.72
1646,Mumbai,South,,27694,22.19
1647,Kolhapur,North,699947.0,273842,41.06
1648,Kolhapur,North,213095.0,330243,-33.32
1649,Pune,West,914554.0,167929,95.69
1650,Nagpur,North,440524.0,53651,57.17
1651,Pune,North,351038.0,247174,-7.24
1652,Nashik,East,511732.0,203606,83.42
1653,Nashik,East,147907.0,80983,17.93
1654,Nagpur,North,594402.0,313232,-22.09
1655,Pune,East,117404.0,438879,14.59
1656,Pune,North,125155.0,486333,-2.1
1657,Pune,East,205344.0,244843,56.26
1658,Solapur,East,692842.0,465906,-46.81
1659,Kolhapur,North,212418.0,169934,82.03
1660,Solapur,South,861779.0,402728,14.85
1661,Kolhapur,North,,195779,-33.06
1662,Nashik,North,907659.0,46485,65.18
1663,Kolhapur,South,788905.0,297148,98.25
1664,Nashik,East,590452.0,417535,85.41
1665,Mumbai,West,115419.0,175261,-25.29
1666,Pune,West,224121.0,290530,-17.51
1667,Nashik,West,895164.0,109368,98.15
1668,Mumbai,South,900418.0,197761,-19.59
1669,Kolhapur,North,,237532,-4.75
1670,Solapur,North,228145.0,166526,43.43
1671,Nashik,South,309927.0,418318,-6.3
1672,Pune,South,319608.0,325876,7.2
1673,Kolhapur,South,518631.0,231051,61.19
1674,Nashik,East,815988.0,422094,39.0
1675,Solapur,West,911226.0,307216,71.52
1676,Mumbai,East,211475.0,407180,66.32
1677,Mumbai,East,324674.0,150107,69.89
1678,Mumbai,West,331464.0,415785,-23.33
1679,Kolhapur,West,739287.0,323777,-11.46
1680,Pune,South,253386.0,466588,-22.61
1681,Nashik,West,382111.0,111100,-31.61
1682,Nashik,South,394048.0,236916,77.54
1683,Mumbai,West,918074.0,73544,-49.43
1684,Nagpur,North,647626.0,417324,44.13
1685,Solapur,East,153432.0,284443,80.93
1686,Kolhapur,South,688696.0,119423,-24.88
1687,Nashik,North,925351.0,76729,89.75
1688,Solapur,South,840310.0,53784,93.62
1689,Pune,West,853712.0,368049,37.12
1690,Nashik,North,833490.0,416070,50.07
1691,Pune,West,75224.0,300760,-22.01
1692,Pune,East,812543.0,310393,97.62
1693,Nashik,East,728253.0,113335,60.92
1694,Solapur,South,370308.0,311829,27.43
1695,Nashik,North,356350.0,167358,25.15
1696,Mumbai,South,121358.0,465238,42.7
1697,Pune,East,810057.0,400303,-22.07
1698,Pune,East,198234.0,369796,39.55
1699,Solapur,West,621568.0,456636,-39.51
1700,Mumbai,East,97144.0,31275,40.72
1701,Nagpur,East,668422.0,262052,36.21
1702,Solapur,South,761788.0,130262,3.64
1703,Nagpur,West,211026.0,212497,-36.46
1704,Mumbai,South,665137.0,183947,32.52
1705,Pune,East,518066.0,490089,15.62
1706,Mumbai,South,,69586,-3.14
1707,Kolhapur,South,242269.0,258539,14.2
1708,Mumbai,West,437939.0,170427,-40.86
1709,Solapur,East,667026.0,184224,-37.21
1710,Pune,South,,416973,-28.35
1711,Pune,South,71637.0,397129,33.02
1712,Pune,North,223071.0,449401,-7.53
1713,Kolhapur,South,491267.0,143105,-14.73
1714,Nashik,North,759223.0,44148,44.57
1715,Mumbai,East,835311.0,308048,39.52
1716,Pune,South,922956.0,45545,0.74
1717,Nashik,North,508700.0,476988,90.58
1718,Solapur,South,796203.0,31701,9.73
1719,Kolhapur,West,815073.0,21186,-21.57
1720,Kolhapur,East,86148.0,455112,83.31
1721,Nashik,South,988916.0,269074,55.32
1722,Kolhapur,East,624423.0,459560,62.33
1723,Solapur,West,869200.0,146410,77.34
1724,Nagpur,East,,203754,69.43
1725,Kolhapur,East,228844.0,283910,77.17
1726,Mumbai,East,989866.0,237579,-15.85
1727,Nashik,East,129615.0,67988,42.37
1728,Solapur,East,524775.0,275301,51.36
1729,Nagpur,North,662174.0,482685,-6.09
1730,Pune,North,734233.0,183733,99.14
1731,Nagpur,East,434663.0,57379,71.09
1732,Pune,South,634719.0,228900,87.19
1733,Solapur,North,557998.0,338981,-27.19
1734,Mumbai,East,,370131,-44.34
1735,Nagpur,East,655576.0,138432,-45.71
1736,Kolhapur,South,613875.0,474853,80.01
1737,Solapur,North,,60434,31.96
1738,Solapur,North,933730.0,476194,-3.84
1739,Solapur,West,959611.0,192214,70.84
1740,Pune,South,846852.0,157207,46.61
1741,Mumbai,South,602410.0,431599,42.87
1742,Nagpur,South,378289.0,378540,69.64
1743,Kolhapur,South,384410.0,442942,20.38
1744,Kolhapur,South,455970.0,157803,-25.74
1745,Pune,South,390679.0,441049,87.64
1746,Mumbai,South,166906.0,67856,79.79
1747,Mumbai,East,51903.0,384807,-12.71
1748,Pune,West,548678.0,301665,-0.67
1749,Nagpur,West,126755.0,479526,73.02
1750,Pune,North,391800.0,351826,95.84
1751,Mumbai,East,979802.0,368949,66.32
1752,Nagpur,South,312284.0,444131,-42.15
1753,Kolhapur,East,708640.0,256332,11.25
1754,Solapur,West,704250.0,169628,66.41
1755,Solapur,South,896294.0,407493,19.9
1756,Nashik,East,763013.0,60693,51.38
1757,Nashik,North,977627.0,107820,-44.55
1758,Solapur,East,521880.0,436030,-18.25
1759,Pune,South,667434.0,386002,63.86
1760,Nashik,South,799656.0,166560,-21.12
1761,Kolhapur,South,186918.0,474281,95.68
1762,Nashik,East,505990.0,461842,5.01
1763,Nagpur,East,,32371,-20.86
1764,Pune,East,822390.0,379108,-20.85
1765,Pune,South,919512.0,426555,-23.74
1766,Pune,West,636985.0,166850,2.12
1767,Nagpur,East,472104.0,163547,37.24
1768,Nashik,West,120360.0,467279,82.47
1769,Kolhapur,South,992345.0,332950,90.03
1770,Nagpur,South,779467.0,221575,39.98
1771,Solapur,South,821726.0,297703,44.92
1772,Mumbai,South,235252.0,454932,28.14
1773,Solapur,North,79803.0,164937,0.5
1774,Solapur,South,540674.0,22332,30.09
1775,Kolhapur,East,978258.0,336588,-25.18
1776,Nashik,West,238055.0,378686,-1.58
1777,Nashik,South,112551.0,157259,-20.07
1778,Mumbai,South,844105.0,247723,75.97
1779,Nashik,North,67928.0,40004,-25.55
1780,Pune,South,923457.0,401884,62.04
1781,Solapur,East,,200295,-40.04
1782,Mumbai,East,700253.0,329055,48.96
1783,Mumbai,North,803410.0,68375,64.84
1784,Nashik,South,57991.0,35483,-34.91
1785,Mumbai,East,314133.0,460299,65.8
1786,Mumbai,West,492447.0,398070,37.89
1787,Pune,East,994546.0,489614,52.92
1788,Solapur,North,795360.0,142578,58.49
1789,Mumbai,East,738068.0,296707,-25.52
1790,Mumbai,East,519437.0,36023,69.69
1791,Mumbai,South,929317.0,307857,67.28
1792,Kolhapur,South,317151.0,334322,47.03
1793,Nagpur,East,990918.0,26574,25.71
1794,Kolhapur,West,982714.0,321173,77.49
1795,Pune,West,674713.0,431390,82.1
1796,Kolhapur,West,462211.0,497282,0.22
1797,Solapur,South,912063.0,493322,29.93
1798,Nagpur,East,370761.0,174764,17.47
1799,Mumbai,East,125469.0,52574,13.77
1800,Nashik,East,282544.0,498301,74.18
1801,Mumbai,West,662262.0,231880,49.53
1802,Pune,West,998840.0,115938,21.08
1803,Mumbai,North,290492.0,187782,68.27
1804,Kolhapur,North,389112.0,355386,91.47
1805,Nashik,South,781035.0,391225,11.15
1806,Nagpur,West,851237.0,224666,-29.69
1807,Pune,East,385822.0,243771,87.97
1808,Nagpur,West,743392.0,442463,93.6
1809,Nashik,South,963665.0,423669,11.37
1810,Solapur,West,825624.0,21649,47.26
1811,Nagpur,West,945052.0,273665,-36.43
1812,Kolhapur,North,889508.0,403009,-43.03
1813,Nagpur,East,52125.0,463465,-35.83
1814,Mumbai,West,907960.0,37263,66.17
1815,Pune,West,599390.0,51425,18.86
1816,Pune,South,736017.0,308381,48.31
1817,Solapur,West,460330.0,370439,33.19
1818,Kolhapur,South,184177.0,50751,-20.92
1819,Solapur,South,625700.0,431399,72.15
1820,Nagpur,South,547919.0,304697,-17.87
1821,Solapur,East,766463.0,340659,-22.65
1822,Pune,West,302841.0,290781,42.67
1823,Pune,West,252758.0,459154,80.39
1824,Nagpur,South,522354.0,418759,79.92
1825,Nagpur,North,240167.0,128264,15.77
1826,Nashik,West,830092.0,415666,52.82
1827,Kolhapur,North,164034.0,113263,73.8
1828,Pune,South,758790.0,138245,-17.56
1829,Solapur,North,755774.0,22707,9.24
1830,Kolhapur,South,422672.0,277954,45.01
1831,Nashik,East,331172.0,231833,75.92
1832,Mumbai,East,535736.0,79707,0.4
1833,Kolhapur,West,540579.0,245439,43.19
1834,Solapur,South,207074.0,211679,-41.22
1835,Mumbai,North,226276.0,177819,89.88
1836,Nashik,East,992330.0,381896,84.4
1837,Pune,North,,64488,88.32
1838,Pune,East,472332.0,261407,95.24
1839,Mumbai,West,650081.0,299053,76.85
1840,Pune,South,160822.0,140365,-18.36
1841,Nagpur,East,731944.0,360702,37.19
1842,Kolhapur,East,278115.0,200650,-23.03
1843,Nashik,South,446900.0,74601,-46.93
1844,Solapur,West,298637.0,441832,-28.5
1845,Nashik,South,808814.0,341562,76.27
1846,Kolhapur,South,278628.0,479866,61.55
1847,Mumbai,West,299135.0,290252,63.98
1848,Mumbai,East,,280404,10.88
1849,Pune,East,849494.0,191126,-45.98
1850,Mumbai,East,535416.0,142105,-2.33
1851,Solapur,East,319927.0,487652,18.28
1852,Nashik,North,603322.0,455486,3.71
1853,Solapur,South,65135.0,95445,25.2
1854,Nashik,East,197462.0,333419,41.84
1855,Kolhapur,South,711031.0,355614,-32.29
1856,Kolhapur,East,139931.0,104135,86.18
1857,Pune,West,762627.0,443802,34.0
1858,Mumbai,East,118468.0,155943,78.42
1859,Nashik,South,892465.0,216124,21.16
1860,Nagpur,East,913092.0,80016,59.7
1861,Nagpur,North,457097.0,147441,84.27
1862,Kolhapur,North,535073.0,425338,40.16
1863,Nagpur,East,182556.0,280410,11.31
1864,Nagpur,East,855376.0,445100,36.37
1865,Kolhapur,West,391943.0,423188,-24.97
1866,Kolhapur,West,148081.0,61422,55.37
1867,Solapur,South,112936.0,463017,-44.39
1868,Mumbai,South,622981.0,341483,17.87
1869,Nashik,West,140120.0,174120,31.89
1870,Kolhapur,East,600075.0,436080,10.39
1871,Nagpur,East,955492.0,255873,22.43
1872,Nagpur,South,535318.0,31658,-23.64
1873,Nashik,West,485189.0,303349,-38.28
1874,Pune,East,125358.0,212889,16.47
1875,Solapur,North,157675.0,457465,90.06
1876,Solapur,East,880897.0,94120,-23.03
1877,Mumbai,North,360389.0,474777,-7.53
1878,Nagpur,North,992100.0,312637,81.86
1879,Mumbai,South,478470.0,361650,-9.88
1880,Mumbai,East,782453.0,404371,7.86
1881,Mumbai,West,227282.0,90030,-34.73
1882,Mumbai,East,368200.0,420327,-43.0
1883,Nashik,North,866875.0,345688,49.06
1884,Nashik,East,220708.0,419547,-27.67
1885,Kolhapur,South,,300637,33.79
1886,Nashik,West,,426914,14.53
1887,Mumbai,South,342605.0,402044,-35.85
1888,Nagpur,East,220605.0,284493,14.34
1889,Solapur,North,622980.0,141581,-12.77
1890,Kolhapur,West,348714.0,179925,78.77
1891,Nagpur,West,87666.0,482601,-10.57
1892,Mumbai,South,983204.0,436086,54.79
1893,Kolhapur,East,,145030,52.7
1894,Pune,West,585030.0,434577,-21.02
1895,Kolhapur,West,880623.0,276872,33.35
1896,Nashik,East,647782.0,216486,76.21
1897,Kolhapur,East,605108.0,447131,-34.94
1898,Nagpur,South,306002.0,418725,41.58
1899,Nashik,West,456261.0,269692,-24.56
1900,Nagpur,East,,67800,-13.88
1901,Pune,North,592520.0,388369,47.25
1902,Kolhapur,East,708168.0,351350,45.72
1903,Nagpur,East,567883.0,116523,49.69
1904,Nashik,North,,484979,31.39
1905,Pune,South,490982.0,134088,67.59
1906,Nashik,North,,35684,47.26
1907,Solapur,East,403220.0,499568,-18.0
1908,Mumbai,East,310986.0,126044,-34.79
1909,Solapur,North,346685.0,209951,-48.47
1910,Mumbai,North,378234.0,148003,-48.95
1911,Mumbai,West,922359.0,333553,-34.05
1912,Solapur,North,740370.0,295996,15.13
1913,Pune,North,,193558,-49.12
1914,Mumbai,East,813819.0,90974,7.4
1915,Nagpur,West,81491.0,440643,66.59
1916,Solapur,North,271239.0,456524,-30.72
1917,Nagpur,West,395354.0,274436,68.19
1918,Pune,West,671706.0,75940,-21.5
1919,Pune,North,,422189,-15.79
1920,Kolhapur,North,597247.0,487328,-13.4
1921,Kolhapur,East,690402.0,404911,-1.43
1922,Kolhapur,West,753235.0,485285,25.16
1923,Solapur,East,520239.0,415391,52.1
1924,Nagpur,North,242542.0,151511,66.41
1925,Nashik,West,452540.0,174263,-46.76
1926,Mumbai,West,389747.0,191855,-28.18
1927,Nashik,South,746882.0,335671,62.25
1928,Nashik,North,339233.0,477740,65.87
1929,Kolhapur,South,181836.0,172637,91.65
1930,Solapur,South,148353.0,34415,-6.33
1931,Nashik,West,575110.0,347841,-16.19
1932,Kolhapur,East,90160.0,149564,36.06
1933,Kolhapur,West,507858.0,114568,-38.18
1934,Nashik,South,162325.0,145196,58.79
1935,Mumbai,North,991065.0,178856,21.73
1936,Kolhapur,East,854202.0,51715,56.51
1937,Pune,South,868770.0,291321,-26.21
1938,Mumbai,South,65616.0,44920,19.72
1939,Mumbai,North,114428.0,372258,1.78
1940,Solapur,West,183730.0,451674,20.7
1941,Kolhapur,South,952732.0,454691,33.69
1942,Pune,North,958979.0,428492,52.69
1943,Nagpur,North,696560.0,30865,80.02
1944,Nagpur,North,445848.0,48118,-15.05
1945,Nashik,West,319001.0,446823,14.03
1946,Solapur,North,,280261,-33.03
1947,Pune,South,335172.0,375887,0.13
1948,Solapur,North,332766.0,325035,6.99
1949,Pune,North,200245.0,144491,16.2
1950,Pune,South,294196.0,74143,89.03
1951,Mumbai,North,232807.0,354228,86.49
1952,Pune,South,100020.0,410756,-39.64
1953,Pune,West,185997.0,125938,12.08
1954,Nagpur,West,,246251,-1.99
1955,Nashik,North,623216.0,493972,4.16
1956,Nagpur,West,833710.0,95965,62.59
1957,Kolhapur,West,857230.0,320857,-20.42
1958,Mumbai,East,150885.0,252633,63.38
1959,Mumbai,North,978154.0,230123,87.56
1960,Solapur,South,224454.0,201088,54.07
1961,Mumbai,South,360004.0,476093,11.72
1962,Nashik,South,806882.0,174570,-40.6
1963,Pune,South,292442.0,407710,-34.39
1964,Nagpur,East,332636.0,325277,57.23
1965,Solapur,South,962198.0,449458,-32.97
1966,Mumbai,East,642813.0,70217,12.14
1967,Mumbai,North,137406.0,418130,80.73
1968,Nashik,West,495362.0,83707,30.42
1969,Nagpur,East,231054.0,460430,0.52
1970,Kolhapur,East,,193808,-15.36
1971,Solapur,South,498758.0,329749,31.0
1972,Kolhapur,West,512997.0,458267,1.02
1973,Kolhapur,South,447845.0,165625,93.84
1974,Nagpur,North,361554.0,291418,-47.97
1975,Kolhapur,North,172292.0,278198,91.79
1976,Kolhapur,West,623207.0,211531,-18.3
1977,Nagpur,East,938024.0,185992,36.13
1978,Kolhapur,West,462140.0,254213,-10.44
1979,Kolhapur,West,405409.0,83332,72.63
1980,Kolhapur,East,373503.0,439458,54.86
1981,Solapur,West,199298.0,458346,-14.85
1982,Mumbai,North,884331.0,323028,34.74
1983,Nashik,West,69110.0,499207,86.29
1984,Nashik,South,63641.0,137674,-16.4
1985,Nashik,North,963505.0,300923,72.08
1986,Solapur,East,583246.0,39541,68.95
1987,Nagpur,East,598697.0,116014,7.43
1988,Nashik,South,159923.0,50269,-44.25
1989,Nashik,East,120103.0,23958,-24.96
1990,Kolhapur,East,689635.0,401951,21.11
1991,Nagpur,North,280126.0,352959,20.59
1992,Mumbai,North,87795.0,176863,-34.13
1993,Mumbai,South,758246.0,155881,-6.98
1994,Nashik,North,553448.0,166167,6.68
1995,Nagpur,West,128572.0,424289,72.5
1996,Mumbai,South,439127.0,348917,84.75
1997,Kolhapur,North,621061.0,220131,40.53
1998,Pune,East,124501.0,55199,-8.95
1999,Pune,East,575791.0,405261,52.85
